id,title,abstract,field,journal,year,citation_count,doi,keywords
1,Machine Learning Applications in Precision Medicine,"This study explores the application of machine learning algorithms in precision medicine, focusing on personalized treatment plans based on genomic data. We analyzed patient data from 10,000 individuals to develop predictive models for drug response and treatment outcomes. Our random forest and neural network models achieved 87% accuracy in predicting treatment success, significantly outperforming traditional approaches. The integration of multi-omics data including genomics, proteomics, and metabolomics provided comprehensive patient profiles. Results demonstrate the potential for AI-driven personalized medicine to improve patient outcomes while reducing healthcare costs.",Healthcare,Nature Medicine,2024,45,10.1038/nm.1000,"machine learning, precision medicine, genomics, personalized treatment"
2,Climate Change Impact on Coastal Ecosystems,"Rising sea levels and increasing temperatures pose significant threats to coastal ecosystems worldwide. This longitudinal study examines the impact of climate change on marine biodiversity in five coastal regions over the past two decades. We observed a 23% decline in coral reef coverage and 15% reduction in fish species diversity. Temperature increases of 1.2Â°C correlated strongly with ecosystem degradation. Ocean acidification levels increased by 0.1 pH units, affecting shellfish populations. Our findings suggest urgent need for conservation strategies and adaptive management approaches to preserve coastal biodiversity.",Environmental Science,Climate Change Biology,2023,67,10.1038/nm.1001,"climate change, coastal ecosystems, marine biodiversity, conservation"
3,Quantum Computing Algorithms for Optimization,"Quantum computing offers unprecedented computational advantages for complex optimization problems. This research develops novel quantum algorithms for solving NP-hard optimization challenges in logistics and scheduling. We implemented variational quantum eigensolvers and quantum approximate optimization algorithms on IBM quantum processors. Experimental results show 100x speedup over classical algorithms for certain problem instances. The quantum advantage becomes pronounced for problems with more than 50 variables. These findings have implications for supply chain optimization, financial portfolio management, and resource allocation in large-scale systems.",Computer Science,Nature Quantum Information,2024,23,10.1038/nm.1002,"quantum computing, optimization algorithms, NP-hard problems"
4,CRISPR Gene Editing in Agricultural Biotechnology,"CRISPR-Cas9 gene editing technology revolutionizes agricultural biotechnology by enabling precise crop modifications. Our research focuses on developing drought-resistant wheat varieties through targeted gene editing. We successfully modified three key genes involved in water stress response, achieving 30% improved drought tolerance in greenhouse trials. Field studies across multiple environments confirmed sustained yield improvements under water-limited conditions. The edited plants showed no off-target effects and maintained nutritional quality. This work demonstrates CRISPR's potential for developing climate-resilient crops to ensure food security.",Biotechnology,Plant Biotechnology Journal,2023,89,10.1038/nm.1003,"CRISPR, gene editing, drought resistance, crop improvement"
5,Neural Networks for Natural Language Processing,"Advanced neural network architectures transform natural language processing capabilities across multiple domains. This comprehensive study evaluates transformer models, recurrent networks, and attention mechanisms for text classification, sentiment analysis, and machine translation tasks. We trained models on diverse datasets including social media posts, scientific literature, and multilingual corpora. BERT and GPT variants achieved state-of-the-art performance with F1 scores exceeding 0.95 on benchmark datasets. Transfer learning approaches reduced training time by 60% while maintaining accuracy. Applications span from automated content moderation to real-time language translation systems.",Computer Science,Nature Language Engineering,2024,156,10.1038/nm.1004,"neural networks, NLP, transformers, text classification"
6,Renewable Energy Storage Solutions,"Effective energy storage solutions are critical for widespread renewable energy adoption. This research investigates advanced battery technologies, including lithium-ion, solid-state, and flow batteries for grid-scale applications. We conducted performance evaluations under various operating conditions, measuring capacity retention, charging efficiency, and cycle life. Solid-state batteries demonstrated 40% higher energy density and improved safety profiles compared to conventional lithium-ion systems. Economic analysis reveals decreasing costs making large-scale deployment feasible by 2030. Integration with smart grid infrastructure enables optimal energy management and grid stability.",Energy,Nature Energy,2024,34,10.1038/nm.1005,"renewable energy, battery storage, grid integration"
7,Blockchain Technology in Supply Chain Management,"Blockchain technology provides transparent and secure solutions for supply chain management across industries. This study implements a blockchain-based traceability system for pharmaceutical supply chains, addressing counterfeiting and quality assurance challenges. We developed smart contracts for automated compliance checking and deployed the system across 50 pharmaceutical manufacturers. The platform achieved 99.8% traceability accuracy and reduced verification time by 75%. Cost analysis shows 15% reduction in supply chain management expenses. The immutable ledger system enhances consumer trust and regulatory compliance in pharmaceutical distribution.",Technology,IEEE Blockchain,2023,78,10.1038/nm.1006,"blockchain, supply chain, pharmaceutical traceability"
8,Artificial Intelligence in Medical Diagnosis,"Artificial intelligence revolutionizes medical diagnosis through advanced image analysis and pattern recognition. Our deep learning system analyzes medical images including X-rays, MRIs, and CT scans for automated disease detection. The convolutional neural network was trained on 100,000 medical images and achieved 94% accuracy in detecting abnormalities. The system identified early-stage cancers with 89% sensitivity and 92% specificity, comparable to expert radiologists. Implementation in clinical settings reduced diagnosis time by 50% and improved screening efficiency. This technology has potential to address healthcare disparities in underserved regions.",Healthcare,The Lancet Digital Health,2024,123,10.1038/nm.1007,"AI, medical diagnosis, image analysis, deep learning"
9,Sustainable Urban Planning Strategies,"Sustainable urban planning integrates environmental, social, and economic considerations for livable cities. This interdisciplinary research develops frameworks for carbon-neutral urban development using green infrastructure and smart city technologies. We analyzed 25 major cities implementing sustainable planning initiatives, measuring environmental impact and quality of life indicators. Cities with comprehensive green building policies achieved 35% reduction in carbon emissions and 20% improvement in air quality. Integrated transportation systems and renewable energy adoption contributed significantly to sustainability goals. The framework provides actionable guidelines for urban planners and policymakers.",Urban Planning,Journal of Urban Planning,2023,56,10.1038/nm.1008,"sustainable planning, green infrastructure, carbon neutral"
10,Cybersecurity in Internet of Things Devices,"Internet of Things (IoT) devices face increasing cybersecurity threats requiring robust protection mechanisms. This research develops a comprehensive security framework for IoT networks, addressing authentication, encryption, and intrusion detection. We implemented machine learning-based anomaly detection systems capable of identifying 96% of potential security breaches. The framework includes lightweight cryptographic protocols suitable for resource-constrained devices. Field testing across smart home and industrial IoT deployments demonstrated 99.5% attack prevention rate with minimal performance overhead. The solution provides scalable security for the growing IoT ecosystem.",Cybersecurity,IEEE Security & Privacy,2024,43,10.1038/nm.1009,"IoT security, cybersecurity, anomaly detection"
11,Deep Learning for Computer Vision Applications,"Deep learning techniques advance computer vision applications across healthcare, autonomous systems, and manufacturing. This study develops novel convolutional architectures for object detection, semantic segmentation, and image classification tasks. Our models achieved state-of-the-art performance on ImageNet, COCO, and domain-specific medical imaging datasets. The proposed attention mechanisms improved accuracy by 8% while reducing computational requirements by 25%. Real-time processing capabilities enable deployment in mobile and edge computing environments. Applications include autonomous vehicle perception, medical image analysis, and quality control in manufacturing processes.",Computer Science,Computer Vision and Pattern Recognition,2024,198,10.1038/nm.1010,"computer vision, deep learning, object detection"
12,Microbiome Research in Human Health,"Human microbiome research reveals complex relationships between microbial communities and health outcomes. This longitudinal study analyzes gut microbiome composition in 5,000 individuals over three years, correlating microbial diversity with disease incidence. We identified specific bacterial strains associated with immune function, metabolic health, and neurological conditions. Advanced sequencing technologies and bioinformatics pipelines enabled comprehensive microbiome profiling. Results show 40% of health variance explained by microbiome composition, highlighting the importance of personalized microbiome-based therapies. Findings support development of precision probiotics and microbiome-targeted interventions.",Biology,Nature Microbiology,2023,87,10.1038/nm.1011,"microbiome, gut bacteria, personalized medicine"
13,Edge Computing for Real-time Data Processing,"Edge computing brings computational resources closer to data sources, enabling real-time processing and reduced latency. This research develops distributed computing architectures for IoT and mobile applications requiring immediate response times. We implemented edge nodes with machine learning capabilities for local data processing and decision making. Performance evaluation shows 70% reduction in response latency and 50% decrease in bandwidth usage compared to cloud-only solutions. The system maintains functionality during network disruptions through autonomous edge processing. Applications include industrial automation, autonomous vehicles, and smart city infrastructure requiring real-time analytics.",Computer Science,IEEE Edge Computing,2024,29,10.1038/nm.1012,"edge computing, real-time processing, distributed systems"
14,Social Media Analysis for Public Health Monitoring,Social media platforms provide valuable data sources for public health monitoring and early disease outbreak detection. This study develops natural language processing and machine learning systems for analyzing health-related social media posts. We processed 10 million tweets and posts during flu seasons to track disease spread patterns. Our sentiment analysis and topic modeling algorithms identified health concerns 2-3 weeks before official health reports. The system achieved 85% accuracy in predicting regional disease outbreaks and 78% precision in identifying health misinformation. Integration with traditional surveillance systems enhances public health response capabilities.,Public Health,American Journal of Public Health,2023,76,10.1038/nm.1013,"social media analysis, public health surveillance"
15,Autonomous Vehicle Navigation Systems,"Autonomous vehicle navigation systems require robust perception, planning, and control capabilities for safe operation. This research develops integrated systems combining computer vision, sensor fusion, and path planning algorithms. We tested autonomous vehicles in diverse environments including urban streets, highways, and adverse weather conditions. The system achieved 99.9% navigation accuracy and demonstrated safe operation in complex traffic scenarios. Advanced AI algorithms enable real-time decision making and obstacle avoidance. Extensive validation included 100,000 miles of autonomous driving with zero safety incidents. The technology advances towards fully autonomous transportation systems.",Transportation,IEEE Intelligent Transportation,2024,91,10.1038/nm.1014,"autonomous vehicles, navigation, sensor fusion"
16,Virtual Reality in Educational Settings,"Virtual reality technology transforms educational experiences through immersive and interactive learning environments. This study evaluates VR applications in STEM education, measuring learning outcomes and student engagement. We conducted controlled experiments with 500 students across multiple educational levels and subjects. VR-based learning improved comprehension by 35% and retention by 28% compared to traditional teaching methods. The immersive environments enabled complex concept visualization and hands-on experimentation. Student engagement levels increased significantly, with 90% reporting enhanced motivation to learn. VR technology shows promise for democratizing access to high-quality educational experiences.",Education,Computers & Education,2023,134,10.1038/nm.1015,"virtual reality, education, immersive learning"
17,Materials Science for Energy Applications,"Advanced materials science drives innovation in energy applications including solar cells, batteries, and fuel cells. This research synthesizes novel nanostructured materials with enhanced properties for energy conversion and storage. We developed perovskite solar cells achieving 25% efficiency and improved stability under operating conditions. Nanocomposite battery electrodes demonstrated 50% higher capacity and faster charging rates. The materials showed excellent performance under extreme temperatures and cycling conditions. Scale-up studies confirm commercial viability with reduced manufacturing costs. These materials advance renewable energy technologies and grid-scale energy storage solutions.",Materials Science,Advanced Materials,2024,52,10.1038/nm.1016,"materials science, energy storage, nanostructures"
18,Bioinformatics Approaches to Drug Discovery,"Bioinformatics approaches accelerate drug discovery through computational analysis of biological data and molecular interactions. This study develops machine learning models for predicting drug-target interactions and identifying potential therapeutic compounds. We analyzed protein structures, molecular databases, and clinical trial data to build predictive models. The AI system identified 15 promising drug candidates with 82% success rate in subsequent laboratory testing. Virtual screening reduced drug discovery timeline by 40% and research costs by 60%. Integration with experimental validation creates efficient pipelines for pharmaceutical development and personalized medicine applications.",Pharmaceuticals,Nature Drug Discovery,2024,108,10.1038/nm.1017,"bioinformatics, drug discovery, molecular interactions"
19,Smart Grid Technology and Implementation,"Smart grid technology enables efficient and reliable electricity distribution through advanced monitoring and control systems. This research implements machine learning algorithms for demand prediction, fault detection, and optimal energy routing. We deployed smart meters and sensors across urban electrical networks serving 100,000 customers. The system reduced power outages by 45% and improved energy efficiency by 20% through predictive maintenance and load balancing. Renewable energy integration capabilities support distributed solar and wind power sources. Economic analysis shows significant cost savings and improved grid resilience for utilities and consumers.",Energy,IEEE Smart Grid,2023,67,10.1038/nm.1018,"smart grid, machine learning, energy efficiency"
20,Nanotechnology in Environmental Remediation,Nanotechnology applications in environmental remediation address pollution challenges through innovative materials and processes. This study develops nanoscale catalysts and adsorbents for water treatment and air purification. We synthesized titanium dioxide nanoparticles with enhanced photocatalytic properties for degrading organic pollutants. The materials achieved 95% removal efficiency for various contaminants including pesticides and pharmaceuticals. Scale-up studies demonstrate cost-effective treatment systems for municipal and industrial applications. The technology provides sustainable solutions for environmental cleanup and pollution prevention with minimal environmental impact.,Environmental Science,Environmental Science & Technology,2024,41,10.1038/nm.1019,"nanotechnology, environmental remediation, photocatalysis"
